timestamp,price_eur_mwh,load_mw,biomass_mw,lignite_mw,gas_mw,hard_coal_mw,hydro_mw,nuclear_mw,solar_mw,wind_offshore_mw,wind_onshore_mw,wind_total_mw,temperature_2m,relative_humidity_2m,wind_speed_10m,cloud_cover,shortwave_radiation
2021-12-31 23:00:00+00:00,50.05,44351.1125,4268.34,3561.9475,3498.64,2039.185,1435.535,3304.8225,1.7275,5975.46,25602.7725,31578.2325,10.8,90.0,22.3,100.0,0.0
2022-01-01 00:00:00+00:00,41.33,41957.765,4255.842500000001,3546.8849999999998,3414.19,2050.0275,1429.7175,3347.9,1.745,5775.297500000001,24347.8375,30123.135000000002,10.9,93.0,23.1,100.0,0.0
2022-01-01 01:00:00+00:00,43.22,40887.9675,4258.11,3495.0750000000003,3408.7575,2033.23,1428.57,3344.4500000000003,1.77,5548.1025,23189.0675,28737.170000000002,11.4,94.0,20.9,100.0,0.0
2022-01-01 02:00:00+00:00,45.46,39963.9825,4262.9825,3504.555,3414.0875,2023.53,1428.3625,3342.4075,1.795,5382.79,22113.47,27496.260000000002,11.6,93.0,21.6,100.0,0.0
2022-01-01 03:00:00+00:00,37.67,39733.485,4267.1849999999995,3537.5,3428.625,2013.4175,1426.68,3342.3375,1.77,5586.4325,20621.055,26207.4875,11.7,90.0,23.4,100.0,0.0
2022-01-01 04:00:00+00:00,39.7,39222.915,4279.915,3767.2000000000003,3421.2425000000003,2013.905,1419.6575,3347.4175,1.82,4531.0625,19587.6675,24118.73,11.3,92.0,22.3,100.0,0.0
2022-01-01 05:00:00+00:00,40.59,38812.07,4329.1475,3876.4325,3447.81,2031.2625,1415.55,3343.2875,1.8425,4514.5650000000005,19292.5425,23807.1075,11.4,93.0,22.5,98.0,0.0
2022-01-01 06:00:00+00:00,43.26,39485.5325,4403.035,3869.5225,3471.6675,2361.485,1419.2,3329.465,2.0525,4850.219999999999,18058.6525,22908.872499999998,11.0,94.0,19.8,100.0,0.0
2022-01-01 07:00:00+00:00,49.66,40711.33,4523.8825,3981.465,3605.2625,2448.8075,1431.9475,3343.61,224.53500000000003,4171.9175,16698.555,20870.4725,11.0,95.0,19.4,100.0,0.0
2022-01-01 08:00:00+00:00,70.05,42931.055,4565.995,4209.3625,3526.505,2461.665,1441.8575,3330.6975,1808.1125,4213.9525,15722.2575,19936.21,11.1,95.0,20.2,100.0,0.0
2022-01-01 09:00:00+00:00,76.79,44824.96,4573.9325,4374.125,3649.185,2443.8325,1446.1175,3339.29,4126.950000000001,4050.96,14030.5525,18081.5125,11.2,94.0,22.7,100.0,2.0
2022-01-01 10:00:00+00:00,84.1,47201.8825,4540.1825,4424.035,3662.2200000000003,2526.8525,1446.78,3343.1275,6371.6975,4264.955,11948.5575,16213.5125,11.3,93.0,22.3,100.0,16.0
2022-01-01 11:00:00+00:00,94.74,47800.065,4485.2775,4503.495,3656.4674999999997,2722.295,1435.5900000000001,3347.7625,7461.0425,4994.8099999999995,10403.0925,15397.9025,11.5,92.0,21.3,100.0,42.0
2022-01-01 12:00:00+00:00,96.8,46868.5075,4435.4875,4239.5675,3546.2200000000003,2748.6825,1434.2875,3344.1275,6602.655,5527.4325,9010.8775,14538.310000000001,11.6,92.0,18.6,100.0,50.0
2022-01-01 13:00:00+00:00,97.17,46193.2875,4451.0599999999995,4907.3725,3638.715,2930.1675,1428.3825,3307.3475,4406.7425,5889.389999999999,8404.07,14293.46,11.8,92.0,15.6,100.0,42.0
2022-01-01 14:00:00+00:00,101.0,46141.784999999996,4510.5225,6367.475,3653.68,3328.4925000000003,1425.5774999999999,3344.2775,1676.925,6038.13,8818.5275,14856.657500000001,12.1,91.0,14.8,100.0,31.0
2022-01-01 15:00:00+00:00,126.6,48370.3825,4620.145,7041.715,3587.365,3810.5875,1422.5700000000002,3345.9674999999997,134.5975,6106.5575,10687.8,16794.3575,12.0,91.0,14.6,100.0,28.0
2022-01-01 16:00:00+00:00,149.97,52123.06,4664.4125,7377.8724999999995,3548.32,4024.2775,1414.235,3349.6949999999997,2.5225,6079.8775,12997.810000000001,19077.6875,11.3,94.0,11.5,98.0,11.0
2022-01-01 17:00:00+00:00,146.33,53111.445,4694.52,7576.1525,3549.5375,4176.9925,1411.09,3351.385,2.0825,6048.665,15099.99,21148.655,10.6,95.0,10.1,99.0,0.0
2022-01-01 18:00:00+00:00,140.28,52129.7175,4643.53,7200.5025000000005,3603.6225,3973.12,1408.285,3350.6625,2.0175,6085.922500000001,17063.7225,23149.645,10.2,94.0,10.8,93.0,0.0
2022-01-01 19:00:00+00:00,121.88,50173.667499999996,4527.2075,6286.92,3708.48,3575.46,1412.5675,3352.6949999999997,1.9075,6232.5525,18067.690000000002,24300.2425,9.8,93.0,10.7,100.0,0.0
2022-01-01 20:00:00+00:00,102.61,48523.487499999996,4428.4325,5657.1675,3619.8525,3131.8025,1415.8125,3352.8450000000003,1.6775,6473.115,18578.5125,25051.627500000002,9.9,93.0,12.3,100.0,0.0
2022-01-01 21:00:00+00:00,97.46,47953.83,4373.6625,5690.835,3569.825,2624.095,1412.9650000000001,3357.475,1.8675,6743.2575,18675.9175,25419.175,9.4,93.0,11.6,100.0,0.0
2022-01-01 22:00:00+00:00,85.16,45324.270000000004,4322.935,4544.57,3499.285,2437.7,1408.0149999999999,3354.7275,1.8575,6932.7699999999995,18943.05,25875.82,9.1,93.0,11.4,100.0,0.0
2022-01-01 23:00:00+00:00,57.08,43097.6875,4258.8025,3648.145,3487.745,2267.9175,1395.06,3318.3225,1.725,6943.425,19005.52,25948.945,8.7,94.0,13.8,100.0,0.0
2022-01-02 00:00:00+00:00,52.59,41893.46,4262.5425,3666.5775,3450.5550000000003,2211.3900000000003,1391.705,3183.125,1.6624999999999999,6835.0650000000005,18842.77,25677.835,8.4,94.0,15.7,100.0,0.0
2022-01-02 01:00:00+00:00,48.97,41165.0275,4270.1675,3520.3575,3446.6949999999997,2192.335,1392.25,3269.11,1.67,6783.7125,18061.475,24845.1875,9.2,92.0,14.8,100.0,0.0
2022-01-02 02:00:00+00:00,34.94,40933.47,4270.24,3457.625,3453.055,2194.8225,1390.9825,3323.0725,1.65,6274.0775,19020.43,25294.5075,8.5,93.0,16.3,100.0,0.0
2022-01-02 03:00:00+00:00,29.56,41110.5425,4283.094999999999,3459.125,3413.2825,2215.4049999999997,1388.2625,3340.485,1.7125,6037.075000000001,18155.165,24192.24,8.1,94.0,16.9,100.0,0.0
2022-01-02 04:00:00+00:00,33.97,41151.854999999996,4294.9225,3467.9275000000002,3446.575,2207.19,1387.2325,3336.275,1.7125,6314.0824999999995,18232.1825,24546.265,7.8,94.0,16.3,100.0,0.0
2022-01-02 05:00:00+00:00,34.52,40815.39,4350.465,3451.1925,3508.5375,2225.61,1383.9525,3330.7825000000003,1.775,6000.55,19090.6275,25091.177499999998,7.8,95.0,15.9,100.0,0.0
2022-01-02 06:00:00+00:00,41.8,42685.0,4400.514999999999,3469.09,3553.7875,2234.6,1381.6025,3361.885,2.31,5376.865,20698.85,26075.714999999997,8.0,95.0,13.0,100.0,0.0
2022-01-02 07:00:00+00:00,48.95,45866.567500000005,4507.0599999999995,3616.0725,3634.44,2071.8,1381.6675,3344.8375,337.025,5620.705,22741.677499999998,28362.3825,7.7,95.0,13.0,100.0,0.0
2022-01-02 08:00:00+00:00,60.01,48807.295,4548.3975,3610.21,3565.965,2116.5875,1381.1325,3358.8025000000002,1961.9275,5098.4,23713.3625,28811.762499999997,8.0,94.0,13.9,100.0,0.0
2022-01-02 09:00:00+00:00,70.09,51074.64,4570.8525,3578.525,3547.51,2188.8,1389.52,3346.9225,3966.1775,5430.805,24986.9525,30417.7575,9.0,90.0,16.1,100.0,6.0
2022-01-02 10:00:00+00:00,66.26,54160.0475,4545.07,3479.63,3495.2925,2202.0625,1393.39,3370.7975,5191.0675,6116.3475,26634.4725,32750.82,10.1,87.0,19.0,100.0,16.0
2022-01-02 11:00:00+00:00,64.54,55069.707500000004,4436.9725,3524.6975,3530.7675,2222.2325,1386.21,3364.915,5058.375,6328.7575,28906.2825,35235.04,10.3,89.0,18.8,100.0,40.0
2022-01-02 12:00:00+00:00,46.96,53846.52,4395.745,3494.675,3550.49,2217.2,1380.875,3355.4300000000003,3834.205,5981.17,30503.7025,36484.8725,10.2,90.0,17.4,100.0,39.0
2022-01-02 13:00:00+00:00,40.01,53191.3125,4369.2474999999995,3502.5425,3502.0025,2189.1375,1381.0625,3352.815,2617.2174999999997,5680.32,32104.8825,37785.2025,11.7,90.0,14.8,100.0,38.0
2022-01-02 14:00:00+00:00,29.11,53736.3525,4404.6900000000005,3485.545,3481.6425,2283.2200000000003,1378.3225,3349.8050000000003,1029.2025,5827.34,33604.6575,39431.9975,11.0,91.0,21.3,100.0,31.0
2022-01-02 15:00:00+00:00,32.76,56035.695,4491.105,3493.9449999999997,3460.875,2347.4125,1369.95,3344.9700000000003,56.15,6302.9775,34603.575,40906.5525,10.7,88.0,23.9,97.0,14.0
2022-01-02 16:00:00+00:00,42.97,59134.025,4576.6675,3664.4425,3413.96,2432.2025000000003,1365.6625,3345.2975,3.0425,6361.375,35881.375,42242.75,10.6,83.0,27.9,33.0,15.0
2022-01-02 17:00:00+00:00,60.96,59316.2025,4620.6050000000005,3665.585,3454.6175000000003,2401.775,1368.5774999999999,3328.7625,1.9075,6539.1425,36213.4625,42752.605,10.3,82.0,26.2,93.0,0.0
2022-01-02 18:00:00+00:00,60.94,57901.9375,4616.36,3582.0475,3434.2025,2384.9875,1369.0975,3324.6375,1.7725,6732.8075,34952.792499999996,41685.6,10.3,81.0,27.2,100.0,0.0
2022-01-02 19:00:00+00:00,54.12,55313.240000000005,4575.255,3597.5625,3461.6324999999997,2325.665,1366.6225,3323.0550000000003,1.71,6952.952499999999,33957.5075,40910.46,11.0,76.0,29.2,100.0,0.0
2022-01-02 20:00:00+00:00,46.16,52960.11,4454.995,3512.3075,3388.535,2219.6875,1365.86,3306.775,1.725,6680.2775,32604.6525,39284.93,10.6,77.0,28.1,20.0,0.0
2022-01-02 21:00:00+00:00,46.29,51425.5925,4384.0325,3511.0299999999997,3446.935,2184.085,1365.2975000000001,3355.865,1.6125,6036.9725,30641.0825,36678.055,10.1,79.0,26.8,100.0,0.0
2022-01-02 22:00:00+00:00,32.93,48334.6925,4307.705,3524.5375,3306.8025,2143.0950000000003,1368.25,3348.485,1.6275,5968.8725,29928.655,35897.5275,10.0,80.0,22.1,100.0,0.0
2022-01-02 23:00:00+00:00,0.31,45815.32,4225.535,3676.6949999999997,3486.025,2093.7925,1363.6599999999999,3339.265,1.6625,6253.8724999999995,28709.9175,34963.79,10.1,78.0,20.6,82.0,0.0
2022-01-03 00:00:00+00:00,-0.01,44056.955,4212.3325,3977.815,3378.59,2059.11,1361.975,3278.5950000000003,1.6975,6047.9675,26725.205,32773.1725,9.1,81.0,20.0,100.0,0.0
2022-01-03 01:00:00+00:00,-0.07,42981.6125,4188.175,3858.7075,3428.535,2024.6175,1364.755,3146.2925,1.675,5704.985000000001,26462.2575,32167.2425,8.7,85.0,16.7,100.0,0.0
2022-01-03 02:00:00+00:00,-1.05,43514.3625,4162.9775,3870.94,3455.205,2028.26,1367.505,3101.915,1.6949999999999998,5713.422500000001,25673.7975,31387.22,8.8,85.0,18.7,100.0,0.0
2022-01-03 03:00:00+00:00,-1.0,44990.07,4196.0075,4013.9425,3430.9700000000003,2051.3375,1374.455,3122.4825,1.675,5781.0650000000005,27194.945,32976.01,8.6,90.0,17.3,100.0,0.0
2022-01-03 04:00:00+00:00,0.32,48821.5225,4268.8775000000005,4303.76,3513.2775,2220.0325000000003,1375.2649999999999,3331.995,1.305,6091.505,31009.4025,37100.9075,9.3,86.0,26.6,100.0,0.0
2022-01-03 05:00:00+00:00,37.55,55943.175,4321.165,5046.8075,3942.69,2576.7625000000003,1376.04,3330.83,1.35,6177.264999999999,36181.7925,42359.0575,8.6,88.0,30.9,100.0,0.0
2022-01-03 06:00:00+00:00,88.76,62190.8625,4481.785,5755.45,4791.9575,3092.8325,1374.37,3336.61,1.8725,6058.1875,37712.205,43770.3925,8.4,86.0,36.4,100.0,0.0
2022-01-03 07:00:00+00:00,122.93,65713.2575,4592.2474999999995,7211.695,5368.8275,3505.215,1376.1975,3342.0875,148.0075,6061.077499999999,36715.1225,42776.2,8.1,86.0,30.8,100.0,0.0
2022-01-03 08:00:00+00:00,110.17,67137.635,4593.6175,8444.505000000001,5430.8175,3557.5125,1382.7625,3346.4300000000003,1450.17,6023.9675,36066.93,42090.8975,8.0,89.0,27.0,84.0,0.0
2022-01-03 09:00:00+00:00,93.38,68583.945,4541.78,8962.1975,5601.1825,3581.465,1388.07,3351.2174999999997,3317.865,5656.2175,36207.5625,41863.78,7.6,89.0,27.1,100.0,7.0
2022-01-03 10:00:00+00:00,90.73,70182.4375,4501.6275000000005,8986.75,5476.5525,3577.8975,1380.3600000000001,3499.585,4555.6675,5643.7,36879.037500000006,42522.7375,8.1,88.0,26.2,100.0,37.0
2022-01-03 11:00:00+00:00,82.37,70809.51999999999,4446.085,9072.8825,5380.1375,3434.0575,1374.845,3918.4775,4790.305,5630.965,36785.805,42416.770000000004,8.3,87.0,26.2,100.0,75.0
2022-01-03 12:00:00+00:00,80.9,69990.44750000001,4440.43,9301.377499999999,5494.5475,3331.9975,1373.9675,4040.3050000000003,3802.8875,5637.99,36067.63,41705.619999999995,8.8,82.0,28.0,94.0,91.0
2022-01-03 13:00:00+00:00,80.99,68955.0675,4483.585,9777.825,5471.5650000000005,3334.77,1373.3925,4046.8025,2542.3525,5646.26,34969.8125,40616.0725,9.3,78.0,25.5,20.0,102.0
2022-01-03 14:00:00+00:00,98.05,67996.66,4560.7375,10824.1275,5476.9,3459.52,1372.1375,4045.04,910.9675,5651.35,33395.7875,39047.1375,9.6,74.0,26.7,74.0,150.0
2022-01-03 15:00:00+00:00,123.51,68686.0375,4689.3550000000005,11331.155,5607.38,4063.4624999999996,1366.4675,4047.7225,45.245000000000005,5656.6775,33010.1,38666.7775,9.1,74.0,21.6,33.0,78.0
2022-01-03 16:00:00+00:00,148.49,71091.98999999999,4745.445,11398.5125,5847.4974999999995,4330.0425,1367.1525,4049.7975,2.6,5601.4475,32476.78,38078.2275,8.4,73.0,19.5,24.0,28.0
2022-01-03 17:00:00+00:00,138.0,70851.0675,4754.355,11579.5925,5788.24,4414.6925,1369.83,4049.825,2.2975000000000003,5446.952499999999,32611.4325,38058.384999999995,8.0,74.0,20.6,38.0,0.0
2022-01-03 18:00:00+00:00,117.64,68832.91,4715.67,11833.7425,5610.9575,4280.0775,1370.81,4054.3275,2.19,5455.295,31070.4675,36525.7625,7.7,76.0,19.4,21.0,0.0
2022-01-03 19:00:00+00:00,117.71,64742.34,4626.175,12061.92,5353.475,4415.4800000000005,1370.0075,4055.04,2.4425,5157.47,29092.6275,34250.097499999996,7.1,79.0,18.6,26.0,0.0
2022-01-03 20:00:00+00:00,95.95,60905.21,4453.4825,11859.73,5386.32,4557.7175,1359.455,4056.3375,2.3525,5132.53,27481.575,32614.105,6.8,81.0,18.5,34.0,0.0
2022-01-03 21:00:00+00:00,105.68,58051.685,4373.2125,11795.91,5004.0599999999995,4848.5075,1355.8075,4061.6875,2.06,5478.85,24944.4625,30423.3125,6.7,82.0,18.2,36.0,0.0
2022-01-03 22:00:00+00:00,95.26,54269.4225,4312.2375,11849.625,4784.5425000000005,4684.95,1363.2,4065.93,2.0425,5342.1375,23008.6175,28350.755,6.3,85.0,17.7,51.0,0.0
2022-01-03 23:00:00+00:00,103.7,51190.9025,4294.25,12530.7825,4508.34,4601.1175,1369.615,4062.3275,2.115,5306.3325,21415.7875,26722.12,6.0,86.0,16.2,100.0,0.0
2022-01-04 00:00:00+00:00,108.27,48913.5475,4303.3775000000005,12375.970000000001,4443.33,4466.15,1365.5774999999999,4064.8824999999997,2.175,4863.63,20284.5225,25148.1525,6.4,84.0,15.9,100.0,0.0
2022-01-04 01:00:00+00:00,105.92,48106.7025,4285.75,11923.1475,4358.0375,3978.2799999999997,1368.9425,4066.77,1.9675,3962.0474999999997,18940.0325,22902.08,7.2,82.0,14.8,100.0,0.0
2022-01-04 02:00:00+00:00,103.41,48576.8275,4285.9375,11989.69,4499.7275,4274.595,1372.74,4066.8875,2.21,3435.2174999999997,17745.184999999998,21180.402499999997,6.9,85.0,13.1,100.0,0.0
2022-01-04 03:00:00+00:00,102.71,49886.575,4315.735000000001,12508.305,4844.84,5033.7275,1374.1425,4066.6075,2.175,2651.0075,16303.665,18954.6725,6.7,86.0,13.0,100.0,0.0
2022-01-04 04:00:00+00:00,114.23,52648.8375,4353.81,12573.825,5398.2075,6423.3825,1367.5675,4063.285,2.07,2511.915,15210.33,17722.245,6.0,92.0,11.0,100.0,0.0
2022-01-04 05:00:00+00:00,156.91,58229.0225,4447.33,12898.1375,6935.615,8477.744999999999,1366.3975,4061.7425,1.9775,3087.9725,14225.0125,17312.985,5.6,93.0,11.8,100.0,0.0
2022-01-04 06:00:00+00:00,182.64,63231.5275,4615.9725,12878.7575,8012.7225,10331.455,1367.2350000000001,4061.725,4.0600000000000005,3318.89,13322.557499999999,16641.4475,5.6,94.0,11.3,100.0,0.0
2022-01-04 07:00:00+00:00,178.91,66766.43,4720.495,12950.565,9320.9375,10766.0925,1375.595,4063.9825,54.489999999999995,3250.8475,12617.58,15868.4275,5.7,92.0,11.8,100.0,0.0
2022-01-04 08:00:00+00:00,190.0,68155.9225,4746.54,12957.0575,9957.0075,11213.31,1382.6625,4065.675,494.845,2818.3125,11933.7375,14752.05,5.9,91.0,11.0,100.0,0.0
2022-01-04 09:00:00+00:00,189.88,68967.475,4711.3525,12978.1225,10057.1975,11422.2175,1390.545,4064.7775,1188.1825,3544.33,11822.9625,15367.2925,6.1,92.0,9.8,100.0,6.0
2022-01-04 10:00:00+00:00,182.42,70204.7125,4669.6875,13070.8975,10054.66,11597.1,1387.04,4063.305,1860.39,3506.6575000000003,12112.6825,15619.34,6.6,93.0,9.0,100.0,36.0
2022-01-04 11:00:00+00:00,182.46,70506.575,4600.5725,13232.64,9936.95,11693.5825,1381.58,4052.41,2347.575,4554.745,12078.0225,16632.767499999998,6.9,93.0,10.3,100.0,59.0
2022-01-04 12:00:00+00:00,179.59,69424.765,4547.3875,13275.1175,9936.67,11541.815,1381.26,4050.16,2306.8250000000003,5440.75,12401.4725,17842.2225,7.1,93.0,8.7,100.0,68.0
2022-01-04 13:00:00+00:00,179.0,68840.26999999999,4512.4974999999995,13330.18,10015.5975,10992.5625,1378.3200000000002,4048.73,1233.335,5559.59,13130.765,18690.355,6.3,92.0,10.6,100.0,70.0
2022-01-04 14:00:00+00:00,180.93,68555.675,4534.75,13466.575,10007.2675,10707.755,1377.9275,4056.33,413.3225,6138.9625,13804.9575,19943.92,6.4,91.0,10.6,100.0,38.0
2022-01-04 15:00:00+00:00,166.69,69369.55249999999,4624.175,13457.735,10101.592499999999,10776.7,1384.3075,4062.875,20.12,6094.2275,14749.98,20844.2075,6.2,93.0,12.0,100.0,14.0
2022-01-04 16:00:00+00:00,189.88,70844.1175,4727.3925,13475.295,10312.7875,10868.815,1382.6275,4064.455,2.9675000000000002,5947.8325,15714.7575,21662.59,6.1,91.0,12.6,100.0,14.0
2022-01-04 17:00:00+00:00,184.94,70538.03,4735.155,13483.32,10192.065,10796.8,1375.355,4065.6875,2.5625,5992.3125,15721.1425,21713.455,5.4,92.0,14.3,100.0,0.0
2022-01-04 18:00:00+00:00,178.99,69071.9325,4667.5675,13423.0625,9901.545,10625.6525,1370.1125,4074.54,2.2125,6227.56,16122.539999999999,22350.1,5.3,91.0,16.1,100.0,0.0
2022-01-04 19:00:00+00:00,156.12,65302.125,4504.9625,13458.08,8659.075,10361.52,1366.21,4080.3325,2.06,6547.264999999999,16028.3225,22575.5875,5.4,92.0,16.2,100.0,0.0
2022-01-04 20:00:00+00:00,140.92,62132.8925,4424.0725,13493.6125,7101.835,10217.99,1369.3075,4087.355,2.0925000000000002,6627.9825,15747.14,22375.122499999998,5.5,93.0,16.0,100.0,0.0
2022-01-04 21:00:00+00:00,137.92,59178.542499999996,4363.1775,13590.1775,6795.1224999999995,9811.52,1372.0125,4089.7075,2.065,6806.485,15432.84,22239.325,5.7,93.0,15.8,100.0,0.0
2022-01-04 22:00:00+00:00,97.56,55609.32,4292.07,13800.3925,6120.2875,8847.9425,1373.99,4087.3825,1.9925,7229.215,15562.6375,22791.8525,5.2,93.0,14.7,100.0,0.0
2022-01-04 23:00:00+00:00,105.31,52945.1975,4206.172500000001,13673.2775,4324.2125,7351.5725,1363.76,4089.1025,1.9675,7183.7875,16540.8875,23724.675000000003,4.6,92.0,13.4,100.0,0.0
2022-01-05 00:00:00+00:00,97.29,50996.735,4180.1325,12953.2275,4356.0175,6348.4275,1370.7425,4094.1525,1.79,7006.24,18391.572500000002,25397.8125,3.9,94.0,10.1,100.0,0.0
2022-01-05 01:00:00+00:00,84.5,50078.8025,4163.0825,12043.4625,4326.9775,5654.2125,1373.08,4095.89,2.035,6658.7175,20921.987500000003,27580.705,4.1,92.0,11.0,100.0,0.0
2022-01-05 02:00:00+00:00,75.38,51077.1625,4169.575,11660.27,4309.075,4359.5425,1361.4099999999999,4098.0275,1.95,6313.675,23412.4575,29726.1325,3.0,96.0,10.0,100.0,0.0
2022-01-05 03:00:00+00:00,79.11,52698.86,4214.005,12106.09,4329.525,4597.8075,1355.4125,4098.2975,2.59,6093.83,24934.975,31028.805,3.6,96.0,10.6,100.0,0.0
2022-01-05 04:00:00+00:00,94.79,56027.93,4225.7325,12349.5625,4765.985000000001,6031.29,1359.8025,4095.33,2.535,6109.797500000001,26745.7675,32855.565,3.8,93.0,13.2,100.0,0.0
2022-01-05 05:00:00+00:00,99.16,61976.6225,4296.16,13028.064999999999,4966.1375,6842.3675,1361.17,4082.3450000000003,2.6675,5891.555,29391.9925,35283.5475,3.6,91.0,13.8,100.0,0.0
2022-01-05 06:00:00+00:00,101.15,67623.165,4486.0625,13482.32,5401.5575,7342.96,1361.955,4081.2425,2.9924999999999997,5821.4349999999995,31215.6,37037.034999999996,3.5,90.0,16.3,100.0,0.0
2022-01-05 07:00:00+00:00,129.56,70964.51,4610.42,12893.154999999999,5678.6900000000005,7357.5599999999995,1364.705,4087.3025,146.02499999999998,5814.83,32597.265,38412.095,3.1,90.0,15.5,100.0,0.0
2022-01-05 08:00:00+00:00,113.37,72425.89,4620.555,12427.745,5655.5825,7176.2075,1370.585,4088.43,1300.7025,5854.172500000001,33555.925,39410.0975,2.4,90.0,16.3,100.0,0.0
2022-01-05 09:00:00+00:00,94.43,73534.7675,4520.045,11964.835,5592.66,7235.672500000001,1376.885,4084.4425,3469.8775,5868.21,34958.94,40827.15,2.5,86.0,19.1,100.0,9.0
2022-01-05 10:00:00+00:00,98.1,75146.2425,4463.1875,12312.005000000001,5519.5225,6804.6725,1391.085,4088.755,5297.675,5861.01,35930.177500000005,41791.18750000001,2.9,82.0,21.6,0.0,77.0
2022-01-05 11:00:00+00:00,95.68,74969.0775,4399.86,12043.7925,5299.4375,6244.2225,1397.4850000000001,4090.075,5996.7125,5876.805,36853.6375,42730.4425,3.4,79.0,21.4,26.0,171.0
2022-01-05 12:00:00+00:00,96.8,74232.0325,4393.9625,11561.0175,5371.6325,6112.6725,1404.7475,4087.205,5064.8225,5835.2925,37565.1625,43400.455,3.8,76.0,29.2,100.0,204.0
2022-01-05 13:00:00+00:00,107.32,72741.425,4423.975,11670.6675,5571.645,6661.95,1409.0025,4085.925,3130.2975,5258.9425,37798.48,43057.4225,3.8,73.0,29.5,100.0,98.0
2022-01-05 14:00:00+00:00,119.48,71924.4425,4486.66,11667.1825,5903.9625,7352.8775000000005,1407.88,4086.6475,1111.525,5187.4275,36864.807499999995,42052.23499999999,4.5,71.0,25.7,100.0,120.0
2022-01-05 15:00:00+00:00,137.28,72544.2475,4606.18,11550.4375,6606.345,7793.0975,1408.05,4085.3125,80.11,5063.9825,35541.604999999996,40605.587499999994,4.2,75.0,28.6,100.0,19.0
2022-01-05 16:00:00+00:00,148.09,74558.8625,4685.105,11547.0375,6931.8724999999995,7961.59,1414.79,4086.5950000000003,3.0549999999999997,5013.8675,33905.7625,38919.63,3.7,80.0,25.7,100.0,6.0
2022-01-05 17:00:00+00:00,139.88,74150.2375,4682.8625,11760.91,6712.615,7967.4875,1405.4575,4087.5025,2.5825,4872.145,33565.845,38437.990000000005,3.7,81.0,26.4,100.0,0.0
2022-01-05 18:00:00+00:00,135.75,72137.5125,4640.6825,11841.2225,6337.01,7698.625,1411.355,4091.3575,2.245,5034.012500000001,32669.489999999998,37703.5025,3.8,81.0,26.5,91.0,0.0
2022-01-05 19:00:00+00:00,119.93,68141.6075,4510.797500000001,11978.6,5574.13,6668.985,1414.8899999999999,4092.3475,2.2075,5113.7525000000005,30919.41,36033.1625,4.0,81.0,27.4,60.0,0.0
2022-01-05 20:00:00+00:00,98.09,64745.7,4403.0625,11932.5225,5119.25,6287.17,1418.2925,4092.59,2.435,5116.844999999999,28974.785,34091.63,3.5,82.0,25.7,58.0,0.0
2022-01-05 21:00:00+00:00,118.71,61580.07,4354.4275,12359.665,4778.4575,6329.5875,1423.285,4096.465,2.925,5380.6225,26968.4875,32349.11,3.5,83.0,24.5,100.0,0.0
2022-01-05 22:00:00+00:00,99.68,58019.9325,4301.745,12165.5025,4550.475,5533.4025,1413.7424999999998,4099.68,1.9675,5509.3825,25639.7875,31149.17,3.7,84.0,22.6,100.0,0.0
2022-01-05 23:00:00+00:00,99.85,55305.115,4243.8575,11949.07,4347.0125,4694.71,1398.8899999999999,4095.9325,2.2175000000000002,5381.095,24298.245,29679.34,3.6,82.0,21.9,98.0,0.0
2022-01-06 00:00:00+00:00,101.32,54147.2575,4239.4325,11958.44,4559.922500000001,5358.695,1398.91,4102.745,2.1775,5640.487499999999,21989.2325,27629.719999999998,2.9,81.0,21.8,100.0,0.0
2022-01-06 01:00:00+00:00,110.01,53066.0125,4226.1025,11851.84,4930.525,7160.475,1394.9650000000001,4098.5599999999995,2.2375,6330.0025000000005,19703.93,26033.932500000003,2.4,87.0,18.9,99.0,0.0
2022-01-06 02:00:00+00:00,111.55,52570.1825,4225.2925,11774.785,5143.2675,7773.82,1391.225,4098.5175,2.0524999999999998,6484.5975,17165.8175,23650.415,2.3,87.0,22.6,100.0,0.0
2022-01-06 03:00:00+00:00,123.37,53199.1875,4249.9125,11657.3925,5524.395,9193.72,1384.4325,4006.3025,2.1825,5704.7925,15895.7975,21600.59,2.0,84.0,23.2,96.0,0.0
2022-01-06 04:00:00+00:00,149.94,54861.6975,4294.41,11847.625,6110.5775,10071.2575,1381.4775,3997.665,2.2275,4418.235,15129.710000000001,19547.945,1.2,84.0,21.8,98.0,0.0
2022-01-06 05:00:00+00:00,185.92,58568.072499999995,4420.99,12196.9825,7339.055,11125.49,1377.0625,3997.6025,2.1225,3255.2925,13781.317500000001,17036.61,0.7,75.0,21.1,30.0,0.0
2022-01-06 06:00:00+00:00,228.25,63029.1225,4618.525,12012.9575,9340.5925,12087.53,1375.1100000000001,3997.4575,3.125,2335.865,11861.605,14197.47,-0.3,72.0,18.9,3.0,0.0
2022-01-06 07:00:00+00:00,228.92,65252.2575,4673.7825,11646.8225,10258.5,12661.9225,1365.515,3997.7625,292.245,1563.4375,10390.5025,11953.94,-1.2,75.0,16.2,0.0,0.0
2022-01-06 08:00:00+00:00,212.9,66287.9775,4693.6525,11864.16,10315.93,12242.055,1371.5774999999999,3969.6825,2702.2425,987.0575,8814.705,9801.7625,-1.7,83.0,16.6,0.0,0.0
2022-01-06 09:00:00+00:00,215.5,66761.48999999999,4693.215,12007.217499999999,10276.557499999999,11707.2025,1373.565,3967.6025,6419.68,719.3175,7193.7325,7913.05,-1.4,88.0,19.2,0.0,13.0
2022-01-06 10:00:00+00:00,231.9,67316.2525,4617.0375,11932.41,10153.057499999999,11620.1125,1376.1775,3962.3775,9602.66,611.4675,5958.15,6569.617499999999,-0.4,83.0,19.9,0.0,93.0
2022-01-06 11:00:00+00:00,226.0,66664.36,4506.1525,12009.4525,9984.5525,11669.7725,1380.525,3967.7325,10910.3725,845.3325,5056.3475,5901.68,0.5,79.0,19.6,0.0,178.0
2022-01-06 12:00:00+00:00,209.2,65227.92,4487.0775,12085.89,9934.914999999999,11509.7075,1364.7775000000001,4003.7225,9981.1125,1418.4125,4396.1,5814.512500000001,1.4,73.0,19.3,0.0,230.0
2022-01-06 13:00:00+00:00,216.06,63836.905,4481.51,12088.05,10196.8575,11607.342499999999,1358.5175,4092.66,6838.5025,1747.435,3774.8025,5522.237499999999,2.7,68.0,17.6,0.0,239.0
2022-01-06 14:00:00+00:00,230.77,63357.91,4555.7525000000005,12351.265,10332.1325,11845.8,1356.695,4098.0075,2559.49,2117.93,3652.68,5770.61,2.8,65.0,14.3,0.0,203.0
2022-01-06 15:00:00+00:00,245.95,64604.395000000004,4696.8975,12482.52,10415.192500000001,11904.41,1348.245,4096.5199999999995,156.275,2805.87,5179.67,7985.54,2.0,72.0,8.6,0.0,131.0
2022-01-06 16:00:00+00:00,274.11,68408.775,4739.2,12634.525,10431.8975,11795.445,1347.445,4097.6,3.18,4332.495,7656.422500000001,11988.9175,-1.1,85.0,8.7,0.0,40.0
2022-01-06 17:00:00+00:00,273.44,68862.0075,4731.9,12658.2475,10216.675,11608.0775,1347.21,4095.1125,3.0575,4782.3025,10560.77,15343.0725,-2.3,87.0,9.1,0.0,0.0
2022-01-06 18:00:00+00:00,245.48,67820.145,4661.4625,12726.63,9987.2775,11074.6075,1358.38,4094.235,2.735,5649.8625,13111.5,18761.3625,-3.0,88.0,10.8,0.0,0.0
2022-01-06 19:00:00+00:00,226.14,65273.979999999996,4515.205,12687.93,8909.06,10277.4225,1361.905,4095.42,2.8375,6449.8949999999995,15103.105,21553.0,-2.5,90.0,7.6,0.0,0.0
2022-01-06 20:00:00+00:00,208.31,62368.585,4459.36,12741.0175,7485.135,9072.565,1356.4375,4095.9674999999997,2.685,6252.41,16731.4275,22983.8375,-2.0,93.0,8.9,0.0,0.0
2022-01-06 21:00:00+00:00,178.75,60537.0975,4404.5599999999995,12705.2125,6780.165,9029.6775,1351.3225,4098.655,2.7075,6041.702499999999,17285.510000000002,23327.2125,-2.0,94.0,9.2,0.0,0.0
2022-01-06 22:00:00+00:00,124.7,57753.525,4370.93,12675.82,6211.91,8672.2325,1353.4524999999999,4097.72,2.715,6027.1525,18225.375,24252.5275,-2.1,94.0,9.2,0.0,0.0
2022-01-06 23:00:00+00:00,128.92,54435.9,4318.45,12980.5725,4972.6175,7832.0675,1364.105,4087.4975,2.8325,6077.7875,19170.9375,25248.725,-2.0,94.0,9.4,0.0,0.0
2022-01-07 00:00:00+00:00,118.4,52843.565,4302.9775,13180.93,4722.969999999999,6698.4075,1367.615,4096.2975,2.65,6086.095,20154.3825,26240.4775,-1.9,94.0,10.1,0.0,0.0
2022-01-07 01:00:00+00:00,103.01,51918.065,4289.31,12641.717499999999,4683.8825,6757.3825,1357.2925,4098.6325,2.6175,6061.2125,21574.98,27636.192499999997,-1.5,94.0,10.0,11.0,0.0
2022-01-07 02:00:00+00:00,101.91,52090.847499999996,4281.8525,12317.817500000001,4720.1975,6522.237499999999,1352.5925,4102.5775,2.3625,6054.785,22783.2225,28838.0075,-1.5,92.0,10.7,53.0,0.0
2022-01-07 03:00:00+00:00,101.98,53793.56,4302.65,12559.44,4667.52,6738.9425,1351.465,4102.1725,2.4225,6203.2,23290.9375,29494.1375,-1.6,91.0,11.8,100.0,0.0
2022-01-07 04:00:00+00:00,114.99,56616.445,4326.785,13107.4725,5080.514999999999,7825.6925,1355.82,4098.835,2.23,6217.7075,24069.6275,30287.335,-1.5,90.0,14.0,100.0,0.0
